PH,AP,SOC,TN,TP,Population,age010,age6580,Temperature,Precipitation,DEM,Road,GDP,NDVI,Longitude,Latitude,Tetracyclines
7.22,0.0291,7.05,4.701,1.063,14677,8.121792795,11.88727841,15.9736,893.0406,1910,4.872499,69381,166,102.703396,25.050911,0.657566482
6.73,0.0747,5.41,3.637,1.921,14677,8.121793316,11.88727908,16.02715,892.2899,1911,4.872499,69381,92,102.705754,25.051579,0.581595074
7.26,0.0215,2.35,1.903,0.964,44795,9.567702139,10.95185507,16.31651,894.6596,1912,10.18728,27679,97,102.716312,25.041378,0.302877759
7.86,0.036,1.21,1.144,0.797,57670,9.567701947,10.95185648,16.31651,894.6596,1912,10.18728,27679,123,102.720067,25.041428,0.246362166
5.9,0.484,3.83,4.172,2.371,39633,8.121793459,11.88727924,16.2176,894.1016,1910,10.74434,77029,152,102.704722,25.047008,9.170156625
7.54,0.017,1.04,0.982,0.968,39633,8.121793658,11.88727875,16.2176,894.1016,1910,10.74434,77029,141,102.706144,25.045001,78.31044503
6.91,0.282,8.12,5.954,2.988,49612,9.858822147,9.756158721,16.08189,897.2512,1903,7.516053,24351,145,102.70054,25.03377,15.84208276
7.95,0.0314,1.36,1.019,1.049,44795,9.858821904,9.756159233,16.28908,895.8161,1908,6.956258,25485,161,102.710376,25.036777,3.781752594
7.5,0.0966,4.19,2.841,1.492,17875,9.858821016,9.756158302,16.14297,894.0725,1913,6.773233,45390,138,102.73521,25.017611,1.869658513
8.03,0.0185,1.49,1.331,0.652,18131,9.858818683,9.756160873,16.13119,892.2717,1914,4.887581,41482,153,102.749384,25.012904,0.340946792
7.93,0.0373,1.99,1.778,0.793,16395,9.858820179,9.75615771,16.20051,892.7394,1914,7.930484,41357,157,102.74437,25.019304,0.311464679
8.73,0.0769,0.88,0.752,0.707,1610,9.85882068,9.756157878,15.87101,889.749,1896,7.107173,39540,85,102.740937,24.998205,0.807790675
7.53,0.0204,1.45,1.473,0.632,15070,9.858822275,9.756154637,16.13119,892.2717,1915,3.595527,41482,164,102.751551,25.009598,0.370223975
8.03,0.0218,0.98,0.87,0.824,1039,9.858821822,9.756158751,15.99451,891.8237,1920,6.970896,43622,153,102.764571,25.004898,0.601093649
7.85,0.148,4.62,4.02,2.136,1610,9.858821745,9.756159611,15.80405,891.2551,1895,7.107173,39540,92,102.734447,24.998222,0.74207511
7.45,0.0214,1.78,1.667,1.004,1818,9.858821541,9.756158893,15.77737,880.6311,1891,7.436059,39969,117,102.760848,24.971879,0.534720429
8,0.0238,2.13,1.872,0.673,4169,9.858822467,9.756157148,15.77737,880.6311,1890,7.436059,39969,105,102.7563,24.971105,1.074876656
7.09,0.0115,3,1.983,0.529,1372,9.858818957,9.756158885,15.82475,879.5682,1887,6.329208,42015,123,102.748846,24.967542,0.223194147
8.15,0.043,1.25,1.281,0.927,154,9.858817224,9.756162642,15.74001,883.6423,1886,3.751691,38157,90,102.746973,24.979403,0.296094897
7.95,0.0148,1.28,1.126,0.862,1818,9.858820152,9.756159661,15.73357,881.6371,1891,9.473599,41579,132,102.764827,24.973581,0.612512484
7.85,0.0198,1.43,1.25,0.631,1818,9.858822492,9.756158065,15.73357,881.6371,1891,9.473599,41579,142,102.765225,24.96912,0.479850407
7.7,0.144,4.69,3.662,1.804,1818,9.858821025,9.756159988,15.73357,881.6371,1891,9.473599,41579,128,102.766628,24.969077,2.685727251
8.11,0.0203,2.11,2.176,0.796,4554,9.858820135,9.756156261,15.74001,883.6423,1886,5.28196,38157,148,102.752588,24.977487,0.523477742
7.92,0.0163,1.61,1.53,1.117,4554,9.858822408,9.756162024,15.72758,886.2868,1886,5.28196,41178,118,102.756517,24.978145,0.587427982
7.87,0.0339,2.9,2.333,1.173,1250,9.858822784,9.75616239,15.90901,873.3453,1892,9.211171,42471,166,102.77061,24.945708,0.427256302
7.87,0.0228,1.85,1.418,0.81,1250,9.858821024,9.756155194,15.90901,873.3453,1891,9.211171,42471,146,102.769552,24.947455,0.362699493
7.57,0.0398,3.18,2.622,1.133,1250,9.858822483,9.756157903,15.87035,874.5193,1891,5.072753,42471,146,102.772854,24.946914,0.049140672
7.63,0.0537,2.46,2.319,0.944,1250,9.858820224,9.756161164,15.87035,874.5193,1891,5.072753,42471,101,102.77431,24.949046,4.400274862
7.86,0.0108,0.79,0.709,0.503,164,9.858821348,9.756149319,15.87824,870.5052,1895,6.261647,39573,84,102.782237,24.926932,0.083911173
7.87,0.0223,1.56,1.293,1.071,337,9.858822952,9.756168644,15.87824,870.5052,1895,6.693884,39573,157,102.784084,24.927401,1.326150834
7.32,0.0283,1.7,1.574,1.072,337,9.858821421,9.756159846,15.87824,870.5052,1898,6.693884,19525,158,102.786736,24.927645,3.700007994
7.58,0.0847,0.69,0.833,1.491,1871,10.24446488,7.549272627,15.85452,871.6917,1898,2.673075,19525,114,102.79293,24.928592,0.476442496
7.82,0.0471,2.09,2.033,1.106,791,10.2444542,7.549273695,15.80817,868.7438,1913,4.010117,19686,177,102.819875,24.896031,0.56520475
7.15,0.0583,3.27,2.482,1.331,791,10.24445414,7.5492739,15.80817,868.7438,1913,4.010117,19686,145,102.820762,24.894035,0.817019809
7.73,0.0214,2.15,2.296,1.49,791,10.24445553,7.549272675,15.78964,869.6182,1927,4.010117,19686,169,102.821457,24.891692,0.530595259
7.61,0.0318,2.4,2.133,1.461,630,10.24445521,7.549275112,15.80817,868.7438,1913,4.010117,19686,180,102.816229,24.893484,0.196021186
7.34,0.0681,2.39,2.045,1.635,366,10.24445659,7.549272468,15.78964,869.6182,1934,5.561308,21566,174,102.826509,24.88718,0.303733852
7.47,0.0585,2.07,1.772,1.355,366,10.24446293,7.549275465,15.78964,869.6182,1934,5.561308,21566,170,102.829346,24.884113,0.075297667
7.68,0.029,1.39,1.411,0.994,366,10.2444529,7.549274323,15.68567,869.4556,1941,5.561308,21566,202,102.832137,24.884838,0.597952943
7.11,0.0133,3.12,2.843,0.988,2793,10.24445408,7.549278558,15.69444,871.418,1932,6.470541,21739,172,102.8356,24.880006,1.011047068
7.58,0.024,4.14,4.024,1.197,2793,10.24445301,7.549268927,15.69444,871.418,1932,6.470541,21739,162,102.837608,24.879671,0.078217896
7.91,0.0262,2.77,2.207,1.266,333,10.24442792,7.549335785,15.64717,872.1882,1939,6.565224,22411,168,102.830357,24.853296,62.10248217
7.81,0.032,3.04,2.524,1.311,5458,10.2445252,7.549280939,15.67925,873.6548,1941,7.020054,14148,108,102.835116,24.849736,16.21171974
7.81,0.0242,1.83,1.437,1.217,166,10.24446511,7.549300808,15.76196,870.2194,1939,3.722746,14148,89,102.829063,24.849645,5.884415493
7.53,0.014,0.42,0.466,0.708,1967,10.24445818,7.549271077,15.80194,864.6584,1921,6.437528,7906,112,102.792299,24.78975,4.969655328
8.01,0.0327,1.06,0.833,1.102,1967,10.24445895,7.549268598,15.80194,864.6584,1921,5.224736,11892,92,102.794476,24.787468,1.359148457
8.07,0.0887,1.27,1.381,4.393,140,10.24446925,7.549288355,15.80112,863.7336,1925,5.224736,11892,96,102.795618,24.782453,1.822958535
7.52,0.185,1.66,2.009,5.126,140,10.24445502,7.549265044,15.80112,863.7336,1921,5.224736,11892,97,102.794718,24.780832,80.23844675
7.98,0.0343,2.28,1.803,0.926,16377,14.05473997,10.32028462,15.36803,922.7126,1896,7.124818,13998,105,103.796588,25.504755,1.10465682
6.03,0.00357,2.94,2.562,0.634,6528,14.05474047,10.32028687,15.43677,919.3023,1886,5.682664,13998,147,103.787817,25.500015,5.566705246
6.48,0.0799,4.75,3.563,1.14,9573,14.05473815,10.32028562,15.43677,919.3023,1886,5.682664,13998,134,103.788391,25.499942,3.82383198
6.32,0.0605,7.02,4.222,0.962,6528,14.05474013,10.32028489,15.32452,915.4583,1886,5.682664,13998,157,103.786909,25.500542,0.644030684
6.61,0.067,4.39,3.393,1.112,6528,14.05474013,10.32028489,15.32452,915.4583,1886,5.682664,13655,164,103.78656,25.50098,0.444359549
5.49,0.0391,3.89,3.066,0.977,6528,14.0547392,10.32028496,15.32452,915.4583,1886,5.682664,13655,162,103.786742,25.501511,0.625183623
6.41,0.0561,4.39,3.29,0.934,6528,14.05473847,10.32028594,15.32452,915.4583,1886,5.682664,13998,167,103.787114,25.501055,0.203058963
7.51,0.0402,4.98,3.972,0.914,6528,14.0547384,10.32028535,15.35026,919.6193,1886,5.682664,13998,148,103.78791,25.50199,0.270743609
6.03,0.0216,3.95,2.971,0.811,6528,14.05473914,10.32028313,15.35026,919.6193,1886,5.682664,13998,84,103.788406,25.501842,0.170326088
6.99,0.0116,0.42,0.547,0.472,20157,14.05473893,10.32028568,15.36803,922.7126,1877,7.124818,14174,106,103.800213,25.500913,0
7.52,0.0764,3.72,2.612,1.62,16377,14.05473997,10.32028462,15.36803,922.7126,1896,7.124818,14174,83,103.79674,25.505083,0
7.81,0.0382,1.61,1.232,1.221,8144,14.05473964,10.32028608,15.32129,922.3109,1896,4.558052,13373,136,103.798281,25.508987,0.315791946
7.79,0.0218,1.6,1.554,0.994,8144,14.05473854,10.32028585,15.36803,922.7126,1896,4.558052,13373,128,103.798083,25.508577,0.422965355
7.74,0.0298,2.64,2.369,1.091,15716,14.05473909,10.32028604,15.47216,920.1822,1869,8.044858,13257,112,103.807744,25.494077,0.144692845
7.71,0.0387,8.46,6.436,1.622,15716,14.05474006,10.32028536,15.47216,920.1822,1869,8.044858,15179,100,103.806355,25.494039,0.173570795
7.96,0.0139,2.71,2.051,0.574,25210,14.05473908,10.32028727,15.52587,919.1609,1869,8.356777,13933,134,103.808183,25.486107,6.012661758
7.89,0.0254,1.5,1.492,0.913,1827,14.05473434,10.32028365,15.52587,919.1609,1868,8.356777,13933,129,103.811702,25.48518,0.13312222
7.95,0.0231,1.37,1.362,1.036,1827,14.05473755,10.32028931,15.52587,919.1609,1865,8.356777,13933,105,103.812626,25.485481,3.814529321
7.69,0.0185,1.19,1.281,0.861,1827,14.05473884,10.32028787,15.52916,916.0648,1865,8.356777,13933,122,103.81459,25.485802,0.062627454
7.91,0.0087,2.49,1.847,0.57,8922,14.05473907,10.32028617,15.49783,912.9941,1875,8.004574,15134,125,103.802365,25.468489,0.178516564
7.72,0.0178,3.84,2.74,0.864,8922,14.05473648,10.32028493,15.49783,912.9941,1875,8.004574,15134,140,103.804146,25.46895,0
7.88,0.0205,2.77,2.22,0.594,8922,14.05473907,10.32028143,15.49783,912.9941,1875,8.004574,15134,156,103.80315,25.469858,0.111086189
7.95,0.0219,0.95,1.169,1.08,113,14.05472889,10.32029883,15.57698,910.7575,1865,7.997175,14398,108,103.811614,25.470009,0.14477772
7.59,0.0445,2.79,2.362,0.884,8922,14.0547375,10.32028468,15.49783,912.9941,1875,7.509626,15323,131,103.802505,25.47412,0.236176233
8.04,0.00665,0.35,0.47,0.403,731,14.05473862,10.3202828,15.57735,907.8959,1868,6.594207,14456,88,103.81292,25.456181,0.075047606
7.96,0.0121,1.32,1.418,0.815,425,14.05473698,10.32029391,15.53115,908.8423,1877,6.278296,12914,171,103.806171,25.449813,0.256901268
8.07,0.0153,1.72,1.774,0.771,425,14.05474131,10.3202936,15.53115,908.8423,1877,6.278296,7067,145,103.807468,25.447259,0.095321356
8.04,0.0415,1.74,1.821,1.01,734,14.05473856,10.32028502,15.53115,908.8423,1877,6.278296,7067,123,103.808569,25.44699,0.146549999
7.77,0.0195,0.5,0.802,1.05,200,14.05474406,10.32028595,15.50909,908.4933,1871,6.455521,6122,185,103.808582,25.43962,0.094530418
7.66,0.0171,1.44,1.473,0.827,70,14.05471866,10.32031913,15.50909,908.4933,1883,6.455521,11865,194,103.80647,25.438926,0.233952199
7.6,0.0207,1.36,1.579,0.772,70,14.05473726,10.32026895,15.50909,908.4933,1883,6.455521,11865,188,103.806406,25.437488,0.049197734
7.77,0.118,3.6,3.844,1.188,200,14.05475106,10.32029715,15.50909,908.4933,1871,5.80968,5988,185,103.809586,25.435552,99.36156597
7.41,0.108,3.01,2.661,1.347,8253,14.05473906,10.32028773,15.32982,923.9515,1884,5.756476,13373,116,103.804804,25.515526,0.314292756
7.13,0.0145,1.15,1.007,0.524,9745,14.05473952,10.32028577,15.32495,921.6628,1884,9.208271,13392,120,103.804692,25.517178,2.335152777
8.01,0.0637,4.79,4.098,1.063,6488,14.05473955,10.32028554,15.36971,923.801,1872,5.756476,14066,99,103.81393,25.516112,1.713691416
7.38,0.0716,4.26,3.594,1.245,1823,14.05473972,10.32028597,15.36971,923.801,1872,5.756476,14066,129,103.813877,25.516667,0.430171397
7.67,0.0167,1.76,1.449,0.56,1823,14.05474085,10.32028303,15.34213,920.0067,1872,9.208271,13590,104,103.813689,25.517466,0
7.92,0.0344,1.94,1.682,0.794,1823,14.05473833,10.32028624,15.34213,920.0067,1872,9.208271,13590,149,103.81332,25.518346,0.159613462
7.61,0.0357,2.82,2.029,0.804,6579,14.05474128,10.32028855,15.29472,918.5035,1872,7.608544,13769,142,103.806745,25.52815,0.053888017
7.87,0.0196,2.27,2.171,0.788,6579,14.05473995,10.32028966,15.29472,918.5035,1872,7.608544,13769,88,103.807478,25.528187,0.557675493
7.6,0.0102,1.07,1.088,0.548,9745,14.05473533,10.32029463,15.32297,918.9533,1872,6.032545,13392,135,103.802826,25.523255,2.809019014
7.92,0.0165,1.65,1.498,1,9745,14.05474873,10.32027742,15.32297,918.9533,1872,6.032545,13392,153,103.801242,25.523929,0.334733965
7.76,0.0346,2.03,1.746,0.751,9745,14.05473881,10.32028447,15.32297,918.9533,1872,6.032545,13392,99,103.804007,25.523122,0.903529116
7.78,0.0288,4.88,3.487,0.852,9745,14.05473883,10.32028483,15.32495,921.6628,1884,9.208271,13590,107,103.807757,25.52076,0.954284297
7.99,0.0076,1.27,1.194,0.388,1646,14.05474271,10.32028826,15.35495,914.8564,1863,8.641538,13482,173,103.813688,25.541992,0.277591518
7.65,0.0133,1.82,1.511,0.608,5212,14.05473973,10.32027483,15.35495,914.8564,1863,5.505541,12938,141,103.816565,25.540968,0
7.95,0.0096,1.49,1.305,0.436,1646,14.0547438,10.32028078,15.34698,911.2365,1863,8.568688,13096,141,103.81362,25.544041,0.111576656
7.94,0.0148,1.5,1.182,0.732,2395,14.05473568,10.32028616,15.30038,913.9832,1875,8.641538,14787,128,103.804635,25.54246,0.085171129
7.74,0.0189,3.06,2.65,1.044,2395,14.05473132,10.32028452,15.23755,912.2109,1875,5.016229,14787,151,103.803592,25.542605,0.34115687
7.71,0.0249,2.32,1.921,0.846,7195,14.05474209,10.32028871,15.25836,917.6575,1874,5.016229,14787,160,103.802052,25.538596,0.285081439
7.76,0.0836,4.75,3.661,1.586,7195,14.05474065,10.32028412,15.26963,918.2795,1874,8.641538,14787,122,103.805066,25.537532,0
7.8,0.053,2.39,2.262,0.735,6122,10.76842133,10.72706898,17.40475,806.6144,1781,8.088943,3348,123,101.553201,25.039837,0.605480365
7.55,0.0137,2.32,2.313,0.532,6122,10.76842218,10.72706805,17.39829,806.304,1787,8.088943,3348,99,101.557386,25.039474,0.231829118
6.22,0.114,2.44,1.442,0.653,46872,10.76842038,10.72706723,17.39829,806.304,1787,6.550933,3348,159,101.562275,25.039044,0.127810726
5.04,0.315,5.08,5.27,1.532,6122,10.7684222,10.72706746,17.40475,806.6144,1781,8.088943,3348,113,101.553569,25.041582,168.0100731
7.2,0.267,2.16,3.676,1.661,6727,10.76842227,10.72707027,17.43589,806.3145,1781,9.644625,3011,133,101.551779,25.0456,2.587870091
6.74,0.00194,1.08,0.92,0.352,7293,10.76842167,10.7270684,17.43589,806.3145,1781,10.5054,3011,96,101.549509,25.046754,0.829031342
6.01,0.348,2.48,2.661,1.301,6122,10.76842227,10.72706886,17.40475,806.6144,1812,8.516628,3428,72,101.550264,25.037878,0.712131758
5.76,0.0048,0.98,1.039,0.48,153,10.7684248,10.72706108,17.34534,796.2756,1793,5.97325,2276,113,101.575984,25.025158,0.32151737
7.63,0.0331,1.8,1.7,0.449,825,10.76842417,10.72706561,17.36878,800.3743,1786,6.796321,3688,104,101.568655,25.030757,0.618450751
7.42,0.0143,1.74,1.622,0.368,825,10.76841955,10.72707009,17.36878,800.3743,1786,6.796321,3688,110,101.568646,25.032556,0.234020051
7.69,0.0214,1.7,1.703,0.469,925,10.76842192,10.72706816,17.42169,801.1321,1786,6.796321,3688,116,101.567986,25.035807,0.280984338
7.4,0.0147,1.02,0.958,0.394,825,10.76841441,10.72708206,17.39565,797.3564,1792,5.249473,1643,68,101.573599,25.029404,0.474980083
6.94,0.0111,1.64,1.486,0.499,825,10.76842185,10.7270698,17.39565,797.3564,1792,5.249473,1643,120,101.573928,25.031398,0.206593419
7.4,0.0129,2.38,1.921,0.534,7566,10.76842196,10.72706517,17.30258,799.2272,1790,7.324842,3610,154,101.566224,25.025341,0.069981033
7.49,0.06,2.98,2.526,1.016,106,10.76841669,10.72706886,17.18433,800.6824,1812,5.886914,1958,101,101.588629,25.011388,0.151628335
7.21,0.007,1.4,1.206,0.241,106,10.76843784,10.72705362,17.22867,800.4785,1812,5.886914,1958,146,101.583984,25.013552,0
7.03,0.0196,2.13,1.778,0.419,106,10.76842801,10.72705238,17.22867,800.4785,1812,5.886914,1958,142,101.584873,25.011684,0
7.32,0.0151,1.77,1.398,0.869,141,10.76841482,10.72706573,17.30613,796.4995,1812,5.886914,1940,127,101.582416,25.01799,0.148753149
8.08,0.0148,1.24,0.958,0.378,58,10.76841683,10.72707094,17.30613,796.4995,1812,5.886914,1958,148,101.585612,25.01767,0.21169002
8.04,0.0132,1.64,1.163,0.398,58,10.76842757,10.72704938,17.24284,796.4668,1812,5.886914,1958,142,101.588613,25.017627,0.506158988
7.64,0.0112,1.95,1.392,0.52,148,10.76841621,10.72707114,17.22867,800.4785,1804,7.033875,1940,135,101.580331,25.011862,0.681124292
7.51,0.0047,1.08,1.057,0.441,106,10.76840211,10.72708414,17.22867,800.4785,1812,5.886914,1940,128,101.583397,25.012404,4.200897076
8.16,0.00445,1.05,0.777,0.23,106,10.76842231,10.72707124,17.22867,800.4785,1812,5.886914,1958,142,101.585374,25.014934,1.587138644
6.05,0.00113,1.56,1.387,0.425,209,10.76842652,10.72706672,17.17854,798.8168,1800,4.078534,1331,123,101.581691,25.007002,0.252113319
5.62,0.049,1.6,1.225,0.701,106,10.76842003,10.72706969,17.22867,800.4785,1805,4.078534,1576,119,101.587578,25.009243,0.474759967
6.64,0.0731,2.67,2.567,0.869,7293,10.76842164,10.72706807,17.42944,804.4666,1781,8.516628,3291,159,101.542204,25.044116,0.139574734
7.31,0.0286,4.85,3.656,0.896,7283,10.76842133,10.72706995,17.42944,804.4666,1781,10.5054,2911,174,101.541139,25.045272,0.206369691
7.71,0.0403,0.99,0.908,0.655,7283,10.76842102,10.72707182,17.39845,801.4443,1781,11.18955,2911,82,101.535675,25.044533,0
7.66,0.017,2.96,3.029,0.871,7283,10.76842071,10.72707369,17.39845,801.4443,1781,11.18955,2911,62,101.537506,25.045206,0.416158612
7.11,0.0471,2.9,2.906,0.815,7293,10.76842147,10.72706921,17.42944,804.4666,1793,10.5054,3011,146,101.544894,25.048169,0.164412844
7.59,0.0224,3.06,2.126,0.511,7293,10.76842168,10.72706802,17.40475,806.6144,1781,8.516628,3428,75,101.547894,25.041811,7.095398234
7.06,0.0124,2.64,2.3,0.683,7283,10.76842275,10.72706718,17.42944,804.4666,1781,8.516628,3291,134,101.540676,25.04287,0.197033298
7.47,0.0181,4.55,2.872,0.489,7283,10.76842305,10.72707015,17.42944,804.4666,1781,6.307312,3291,141,101.53937,25.044424,0.261695088
8.47,0.0595,3.06,2.593,0.979,7283,10.76842198,10.72706784,17.39845,801.4443,1793,11.18955,2911,135,101.537092,25.049012,0.661925262
7.83,0.0092,1.87,1.449,0.412,1252,10.76842308,10.72706866,17.34011,799.7397,1796,11.18955,2969,124,101.53223,25.051343,0.233924653
5.33,0.00034,0.48,0.578,0.272,1252,10.76842084,10.72706924,17.34011,799.7397,1796,11.18955,2969,79,101.531494,25.050685,0.233714368
7.46,0.0225,2.85,2.076,0.889,1252,10.76842184,10.72705765,17.33186,797.1719,1796,3.813422,2760,129,101.527191,25.056324,0.073840953
6.62,0.036,3.05,2.382,0.878,1252,10.76843522,10.72707001,17.33186,797.1719,1798,3.813422,2760,162,101.526634,25.057175,0
7.73,0.00445,1.7,1.468,0.366,1252,10.76842093,10.7270684,17.34011,799.7397,1826,5.429314,2760,119,101.531902,25.056511,0.148656501
7.62,0.0585,5.12,4.19,0.858,885,10.76842221,10.72706685,17.33186,797.1719,1790,9.175042,2969,91,101.52331,25.052154,0
7.4,0.0749,3.02,3.03,0.97,1252,10.76842109,10.72706656,17.34011,799.7397,1796,11.18955,2969,116,101.532005,25.05326,0.475645615
8.28,0.00665,0.46,0.541,0.316,1252,10.76842117,10.72706584,17.34011,799.7397,1796,11.18955,2969,109,101.530536,25.052557,0.134895492
7.84,0.00985,3.89,2.63,0.481,564,10.76841769,10.72707248,17.34011,799.7397,1826,5.429314,2637,88,101.532496,25.058397,0.143961417
7.67,0.00305,1.06,0.839,0.213,789,10.7684204,10.72707114,17.29717,793.1582,1783,8.743761,1832,141,101.515274,25.064427,0.147212817
8.3,0.00375,1.37,0.895,0.311,628,10.76842317,10.72707501,17.22038,790.2643,1798,6.89468,1832,140,101.520829,25.070051,0
8.06,0.0145,1.32,1.299,0.533,789,10.76842185,10.72706868,17.13869,797.3577,1796,8.743761,1415,107,101.510707,25.066502,0.466463472
7.52,0.0138,0.92,1.07,0.527,1223,10.76842185,10.72706868,17.13869,797.3577,1796,8.743761,1415,97,101.51078,25.066889,0
7.7,0.0296,2.24,2.076,0.679,1223,10.768424,10.72706413,17.1075,795.3839,1796,5.073597,1423,95,101.509593,25.0718,0.385755967
8.01,0.0078,1.08,1.094,0.395,1223,10.76842427,10.7270721,17.1075,795.3839,1796,3.747947,1423,93,101.509965,25.072665,0.170803335
7.95,0.0357,1.78,1.568,0.988,8237,13.08457074,9.074031091,18.67043,1066.245,1307,12.89922,5360,146,103.400916,23.370398,8.61729689
7.95,0.0264,1.76,1.387,0.646,8237,13.08457401,9.07402885,18.46637,1061.542,1307,9.473333,5360,127,103.405291,23.369348,0.822774929
7.46,0.0734,1.4,1.567,1.171,8237,13.08457126,9.074030618,18.46637,1061.542,1307,9.473333,5360,136,103.405948,23.369744,6.576527292
7.45,0.0117,1.02,1.007,0.729,8237,13.08457227,9.074025488,18.46637,1061.542,1307,9.473333,2595,104,103.406226,23.373013,0.549942792
7.93,0.0203,0.79,0.852,0.637,8237,13.08457098,9.074030729,18.46637,1061.542,1307,9.473333,2595,136,103.406064,23.372559,0.37541128
6.91,0.0454,3.22,3.351,1.299,10741,13.08457209,9.074028868,18.67043,1066.245,1307,12.89922,5360,121,103.399044,23.372147,0.813099869
8.23,0.0102,1.86,1.977,0.6,8237,13.0845713,9.074032685,18.67043,1066.245,1301,4.899508,5664,94,103.400568,23.367877,0.573780853
7.66,0.0989,6.54,5.612,1.572,8237,13.08457342,9.074029893,18.67043,1066.245,1307,4.899508,5664,176,103.403708,23.368096,0
7.79,0.0369,3.52,2.986,1.151,8237,13.08457161,9.074028613,18.46637,1061.542,1307,9.473333,5360,169,103.406043,23.368259,0.243592227
8.04,0.0651,4,3.233,1.299,7710,13.08457182,9.074029668,18.64563,1069.089,1301,4.899508,5664,155,103.402256,23.36428,0.471395918
7.8,0.101,8.78,5.914,1.861,7710,13.08457043,9.074033984,18.64563,1069.089,1301,4.899508,5664,158,103.402237,23.36347,5.473920315
7.26,0.0094,0.65,0.895,0.512,9349,13.08457602,9.074025199,18.64563,1069.089,1301,4.899508,5664,108,103.399754,23.359226,0.391245311
7.99,0.0279,2.44,1.996,0.877,9349,13.08457178,9.074032587,18.64563,1069.089,1301,4.899508,5664,177,103.399346,23.362719,0.069051843
7.86,0.0104,0.74,0.846,0.529,7710,13.08457241,9.074031291,18.64563,1069.089,1301,4.899508,5664,110,103.400494,23.363993,0.175519531
7.34,0.273,3.33,3.632,2.139,7710,13.08457174,9.074027812,18.62673,1068.504,1303,6.088622,5314,147,103.400353,23.358458,0
7.69,0.16,1.5,1.74,1.891,10592,13.0845632,9.074029589,18.28745,1064.535,1305,1.762083,1838,128,103.413743,23.354773,0.490884327
8.14,0.0398,1.17,1.375,0.737,759,13.08458712,9.074021308,18.16292,1065.048,1309,2.752035,4669,135,103.423443,23.355837,1.623221579
8.08,0.0151,0.58,0.728,0.392,759,13.08457255,9.074031621,18.16292,1065.048,1309,4.959511,4669,137,103.423917,23.354785,0.168730632
7.85,0.155,1.86,2.027,2.139,759,13.08457192,9.07402851,18.16292,1065.048,1309,2.752035,4669,120,103.423505,23.353245,0.217865329
6.99,0.0116,2.73,2.381,0.741,136,13.08455272,9.074050135,18.266,1070.079,1319,6.084193,2326,135,103.420845,23.345052,0.061601857
7.76,0.018,4.19,3.172,0.738,136,13.08458421,9.074017028,18.13991,1071.668,1319,6.084193,2326,178,103.421778,23.344693,0
8.11,0.00545,1.97,1.586,0.616,136,13.08455229,9.074034987,18.13991,1071.668,1319,6.084193,2326,126,103.421538,23.343772,0.167579207
6.06,0.592,2.53,2.58,4.487,2285,13.0845708,9.074040889,18.08803,1079.429,1330,5.415433,2626,137,103.425577,23.338866,0
7.81,0.172,1.76,1.848,2.749,226,13.0845694,9.074033196,17.93566,1090.895,1330,5.415433,2740,150,103.428966,23.332559,0.416514829
7.89,0.135,2.39,2.151,3.093,226,13.08459297,9.074035874,17.86782,1091.202,1341,7.474858,2205,153,103.430001,23.331089,0.219468292
7.29,0.399,1.89,2.467,2.946,226,13.08457317,9.074030944,17.86782,1091.202,1341,7.474858,2205,151,103.42991,23.326149,1.914940879
7.95,0.0394,4.32,3.762,2.414,10741,13.08457271,9.07402912,18.9049,1066.301,1308,8.657952,5332,140,103.392789,23.367504,0
8.01,0.0234,1.62,1.542,1.097,2265,13.08457195,9.074029888,18.9049,1066.301,1308,8.657952,5332,135,103.390481,23.367447,11.64097544
7.49,0.0479,4.62,3.462,1.247,10741,13.08457169,9.074029538,18.67043,1066.245,1307,12.89922,5188,83,103.39608,23.368481,42.22749163
8.2,0.0183,1.3,1.356,0.746,2265,13.08457195,9.074031302,18.9049,1066.301,1307,8.363558,5188,166,103.390006,23.372952,5.863176019
7.32,0.126,3.13,3.719,4.062,2265,13.08457098,9.074029539,18.9049,1066.301,1307,8.363558,5188,136,103.390593,23.372051,5.833742404
8.13,0.0512,3.27,2.618,1.73,10741,13.08457258,9.074029246,18.9049,1066.301,1308,8.657952,5332,168,103.391844,23.367686,3.112048079
8.09,0.023,1.13,1.2,0.738,2265,13.08457357,9.074027184,18.9049,1066.301,1307,8.363558,5188,93,103.390797,23.370473,0.83450454
8.05,0.0151,1.03,1.057,0.788,2265,13.08457074,9.074030295,18.9049,1066.301,1307,8.363558,5188,123,103.391065,23.368523,0.930451401
8.04,0.0405,3.13,2.873,1.589,10741,13.08457288,9.074029348,18.67043,1066.245,1308,4.899508,5664,142,103.39768,23.368016,0.861656048
7.76,0.00515,1.1,1.033,0.583,84,12.23401891,10.77649027,18.57705,1046.66,1312,1.280087,2450,145,103.326835,23.371059,0.084011174
8.08,0.0084,2.02,1.318,0.619,84,12.23401391,10.7764399,18.65573,1046.877,1312,1.280087,2682,115,103.330011,23.369783,0.24521502
7.19,0.0055,0.79,0.836,0.63,1688,13.08454273,9.07400619,18.65573,1046.877,1312,1.280087,2682,155,103.333805,23.368205,0.129700082
7.92,0.00555,0.79,0.827,0.54,84,12.23399127,10.77653812,18.65573,1046.877,1312,1.280087,2682,166,103.330184,23.373067,0.276028818
7,0.0073,1.11,1.026,0.61,1688,13.0846026,9.074019338,18.78249,1049.484,1314,3.678087,3462,145,103.339002,23.371823,0
7.76,0.0041,1.06,0.896,0.502,1688,13.08457078,9.074015764,18.78249,1049.484,1314,3.678087,3462,121,103.338542,23.370886,0.168026927
6.93,0.00114,0.92,0.83,0.464,1688,13.08456388,9.074040189,18.65573,1046.877,1314,3.678087,2682,156,103.337477,23.371077,0.208418314
7.83,0.0055,1.19,1.151,0.609,1688,13.08454346,9.074004199,18.65573,1046.877,1314,3.678087,2682,144,103.336437,23.372626,0.158087379
6.85,0.00105,1.72,1.555,0.556,1688,13.0845542,9.074068686,18.65573,1046.877,1314,1.280087,2682,155,103.335647,23.370792,0
7.97,0.00895,3.21,2.623,0.743,6439,13.08457091,9.074028743,19.31137,1060.666,1306,11.50637,5865,135,103.377968,23.369462,0.145860821
7.79,0.0131,5.38,3.841,0.72,6439,13.08457379,9.07403199,19.31137,1060.666,1306,11.50637,5488,127,103.375963,23.370499,0.259182983
8.04,0.0149,1.69,1.641,0.755,1382,13.08457634,9.074029233,19.31137,1060.666,1306,11.50637,5488,183,103.374968,23.371716,0.219595549
7.93,0.009,1.07,1.212,0.694,1382,13.08457014,9.074024271,19.31137,1060.666,1306,6.857973,5488,101,103.373566,23.373265,0.037683725
7.59,0.0177,1.32,1.15,0.664,1382,13.08457244,9.074028753,19.31137,1060.666,1306,6.857973,5488,166,103.374094,23.370706,0.167226411
7.65,0.0036,3.48,2.519,0.645,1382,13.08457851,9.074027542,19.31137,1060.666,1306,6.857973,5488,185,103.372814,23.368408,0.109064887
7.63,0.0136,4.22,2.793,0.777,6439,13.08457306,9.074027869,19.31137,1060.666,1306,13.29598,5239,197,103.375573,23.367164,0.126271925
7.55,0.0159,3.71,2.984,0.757,6439,13.08457386,9.074024265,19.31137,1060.666,1306,11.50637,5488,150,103.375738,23.369848,0.807122683
7.94,0.0181,5.97,4.712,0.679,1382,13.08457118,9.074031186,19.23812,1056.57,1309,6.857973,5488,158,103.369677,23.372917,0.090010058
7.9,0.0106,4.32,3.407,0.716,1382,13.08457042,9.074029826,19.23812,1056.57,1309,6.857973,5488,105,103.368985,23.371865,0.099360622
8.06,0.023,2.4,1.902,0.898,1382,13.084572,9.074031102,19.23812,1056.57,1309,6.857973,5488,149,103.368683,23.372765,0.183848961
8.07,0.0072,3.48,2.811,0.665,1382,13.08457282,9.074031074,19.23812,1056.57,1309,6.857973,5488,127,103.367614,23.370412,0
7.81,0.0322,3.3,2.855,1.114,1382,13.08457262,9.074030772,19.23812,1056.57,1309,6.857973,5213,150,103.366966,23.369845,2.432082599
7.8,0.008,3.06,2.886,0.569,754,13.08457288,9.074033282,19.23812,1056.57,1311,6.846397,5213,143,103.365053,23.368004,0.107942959
7.98,0.0187,3.7,2.93,0.837,754,13.08457231,9.074029103,19.2394,1060.251,1311,7.018392,5031,147,103.365581,23.366897,0.162664606
8.15,0.0179,1.45,1.43,0.809,754,13.08456939,9.074027978,19.23812,1056.57,1309,6.857973,5213,136,103.366378,23.371159,0.100198071
8.03,0.00855,2.31,2.077,0.629,5850,13.0845726,9.074027776,19.2394,1060.251,1311,7.189012,5031,149,103.36503,23.366493,0.23958751
7.67,0.0122,1.16,1.051,0.592,1018,13.08457148,9.07402574,19.14302,1049.481,1305,6.846397,5086,114,103.357285,23.37249,0.156947196
7.88,0.0112,3.71,2.363,0.669,754,13.08456951,9.074031893,19.14302,1049.481,1305,6.846397,5213,121,103.359749,23.370656,0.195998266
7.99,0.011,2.09,1.591,0.63,754,13.08456749,9.074030654,19.14302,1049.481,1305,6.846397,5213,105,103.360398,23.370083,0.022207721
7.86,0.0086,2.09,1.399,0.587,754,13.08457175,9.074030535,19.14302,1049.481,1305,6.846397,5213,109,103.361318,23.369387,0.09269145
8.19,0.0182,1.61,1.187,0.597,1018,13.08457248,9.074033074,19.14302,1049.481,1305,6.846397,5086,133,103.357433,23.368996,0.139766741
8.22,0.017,1.74,1.449,0.538,1018,13.0845725,9.074033952,19.14302,1049.481,1305,6.846397,5086,132,103.356948,23.368441,0.136373273
7.58,0.039,1.25,2.121,0.812,1646,12.0552755,12.30692588,17.10813,855.6016,1693,4.436623,24304,64,102.559531,24.355277,2.417675811
7.92,0.0217,3.51,3.636,1.027,1646,12.05527938,12.30691497,17.10813,855.6016,1693,4.436623,24304,125,102.558627,24.356249,1.294804438
7.85,0.0039,1.73,1.877,0.654,1646,12.05526607,12.30694131,17.10813,855.6016,1693,9.515894,24579,159,102.558539,24.358269,0.3101635
7.82,0.00478,2.18,2.263,0.898,1646,12.05528195,12.30691615,17.10813,855.6016,1693,4.436623,24304,124,102.559152,24.358047,0.378994859
8.03,0.0195,1.7,1.828,0.766,10165,12.05526853,12.30691597,17.31729,848.9111,1693,9.515894,24579,130,102.559606,24.359281,0.306179582
8.33,0.00642,1.78,1.387,0.475,10165,12.05528104,12.30691701,17.31729,848.9111,1693,6.608447,24579,139,102.561062,24.360175,0.123318341
7.76,0.00908,1.11,1.368,0.803,2333,12.05527714,12.30692126,17.37486,851.2452,1657,9.515894,25328,152,102.550843,24.362502,0.325043321
7.71,0.00516,4.25,4.483,0.796,1488,12.05527776,12.30692487,17.44374,840.1153,1636,6.956549,25152,186,102.555501,24.371126,0
7.47,0.00726,1.61,1.865,0.752,10635,12.05528534,12.30691312,17.44374,840.1153,1651,5.904275,25152,190,102.560268,24.371856,0.203131135
8.14,0.0223,2.23,2.532,0.962,1988,12.05527725,12.30692133,17.45633,844.6692,1636,6.383688,25089,166,102.549533,24.371582,0.294532238
7.86,0.0237,1.54,1.586,1.082,1988,12.05527851,12.30692149,17.48664,845.5639,1630,6.383688,25089,175,102.544784,24.371598,0.571423944
8.08,0.0205,1.35,1.58,0.628,2435,12.05527833,12.30692027,17.40986,835.8925,1633,8.080965,24801,111,102.557463,24.378695,0.068210247
8.02,0.00828,1.36,1.331,0.574,2435,12.05528364,12.30692599,17.4293,837.8714,1633,8.080965,24801,128,102.553963,24.379785,0.283500575
8.1,0.0316,0.73,0.964,0.708,842,12.05527799,12.30692406,17.33632,836.2292,1635,8.453661,24044,122,102.555684,24.386233,0.284400073
8.06,0.0072,0.36,1.645,0.488,842,12.05527577,12.30692522,17.34908,838.1415,1635,8.453661,24044,87,102.553514,24.385974,0.117849149
8.19,0.0169,2.77,2.896,0.985,3652,12.05528425,12.30691819,17.37247,837.3814,1634,5.573683,24779,137,102.543818,24.387142,0.132792745
7.75,0.0142,3.42,3.637,0.74,9179,12.05525469,12.30691642,17.10813,855.6016,1687,4.436623,24304,165,102.55746,24.350941,0.127099847
7.26,0.333,1.14,3.208,1.912,9179,12.05529394,12.30691875,16.97685,858.9465,1687,4.436623,24304,122,102.556367,24.350136,0.232165676
7.86,0.0228,1.65,1.506,1.078,1864,12.05527538,12.30691578,17.16973,856.3845,1647,6.125252,25703,153,102.543399,24.346536,0.153825736
7.37,0.0221,4.79,4.718,1.098,1864,12.0552831,12.3069233,17.16973,856.3845,1647,6.125252,25703,162,102.543875,24.345097,0.167489771
7.47,0.0265,0.57,0.883,0.866,983,12.05527636,12.30692073,17.16973,856.3845,1647,6.125252,25123,142,102.541342,24.345602,0.096029499
6.99,0.18,3.74,4.315,1.854,15499,12.05528075,12.3069124,16.95103,861.0277,1669,3.51337,24831,172,102.553106,24.338266,0
6.89,0.0224,2.02,2.115,1.052,15499,12.05527429,12.30691908,16.8754,861.5627,1669,3.51337,25009,192,102.555294,24.338457,0
5.53,0.167,4.55,4.47,1.49,15499,12.05526529,12.30691949,16.8754,861.5627,1669,3.51337,25009,185,102.557502,24.337656,0.144000224
5.75,0.405,4.32,4.446,1.75,272,12.05534615,12.306693,16.8754,861.5627,1704,3.51337,25009,144,102.559746,24.33768,0
7.86,0.0108,1.77,1.771,0.734,272,12.05526993,12.30690496,17.06107,859.3231,1648,6.448958,24141,186,102.538464,24.338742,0.532585441
6.06,0.0444,3.43,3.196,1.349,272,12.0552676,12.30691842,17.17822,855.5304,1648,6.448958,24141,189,102.537081,24.33851,0
7.86,0.0131,1,0.939,0.633,983,12.05528273,12.30692166,17.24101,855.7198,1639,7.517198,25726,172,102.536629,24.349755,0.023244957
7.25,0.0268,2.78,2.098,0.528,19430,12.05527563,12.30691309,17.28584,855.8526,1639,7.517198,25726,152,102.538479,24.350756,0
7.94,0.0485,3.5,2.953,1.526,844,12.05527407,12.30691469,17.33129,854.6882,1639,7.517198,25743,152,102.53262,24.352477,0.377961014
7.66,0.0476,2.65,3.167,1.807,844,12.05526404,12.30692279,17.33129,854.6882,1630,8.28006,25743,78,102.530371,24.352439,0.198578229
7.84,0.0356,1.4,1.524,0.909,19430,12.05527896,12.30692953,17.28584,855.8526,1639,7.517198,25726,122,102.537798,24.352544,0.049965834
7.66,0.0564,1.85,1.642,1.086,2739,12.05527456,12.30693407,17.17822,855.5304,1648,6.448958,25149,140,102.532441,24.336285,0.12386461
6.75,0.00175,2.97,3.201,0.8,2739,12.05528026,12.30689767,17.17822,855.5304,1682,7.002865,25149,106,102.53147,24.33537,0.107195937
7.48,0.0561,5.74,4.066,1.143,272,12.05528977,12.30692371,17.06107,859.3231,1648,6.448958,24141,109,102.537742,24.336782,0.209270562
7.05,0.291,2.56,2.842,2.267,693,12.05527282,12.30692224,17.17012,849.3977,1635,6.08336,14240,101,102.514393,24.33281,14.64626581
6.2,0.0354,2.31,1.971,1.071,1750,12.05526967,12.30694824,17.1586,848.8809,1634,4.065489,10258,158,102.508749,24.319478,0
7.77,0.0273,1.93,1.939,1.295,1750,12.05528707,12.30690298,17.1586,848.8809,1634,4.065489,10258,160,102.509361,24.318884,0.15001321
7.77,0.0833,2.34,2.258,0.94,665,12.05526078,12.30692642,17.1586,848.8809,1634,4.065489,10258,126,102.505629,24.319446,0
6.71,0.00048,0.88,0.796,0.373,37,12.05525723,12.30692351,16.82533,865.6264,1709,2.052491,10450,132,102.511841,24.290263,0.686969096
8.02,0.0269,0.54,0.472,1.171,37,12.05525723,12.30692351,16.82533,865.6264,1692,2.052491,10450,145,102.511554,24.289681,0.748277327
7.59,0.105,1.86,2.139,1.864,702,10.24445529,7.549274377,15.76317,871.0973,1921,5.344038,19342,166,102.807677,24.892622,1.103694625
6.95,0.225,1.69,2.052,3.043,630,10.24445051,7.549275231,15.77761,870.813,1927,5.344038,19342,118,102.811061,24.892057,2.107594267
5.74,0.258,2.23,2.767,2.894,4671,10.24446143,7.549272974,15.80804,866.1397,1916,3.889134,18677,136,102.809523,24.86915,0.654575275
7.27,0.3,2.60,2.834,3.355,4671,10.24445831,7.549273908,15.80804,866.1397,1916,3.889134,18677,129,102.812011,24.867252,42.18659283
6.50,0.278,2.56,2.978,3.731,119,10.24445711,7.54927662,15.77125,865.3225,1926,3.889134,18677,128,102.810193,24.864017,3.206156214
7.58,0.126,1.54,1.766,1.622,1475,10.24445555,7.54927394,15.68979,869.6853,1924,2.636704,19552,162,102.80239,24.820412,592.1211245
7.89,0.138,1.93,2.277,4.012,799,10.24448314,7.549260566,15.62738,869.9084,1947,2.636704,19552,151,102.800206,24.816391,50.49984392
7.78,0.0685,1.28,1.567,1.44,49,10.24447898,7.549286822,15.62738,869.9084,1947,4.830035,8111,151,102.797094,24.813915,9.271133459
7.59,0.0391,0.58,0.902,1.485,319,10.24445019,7.549257147,15.67009,866.1719,1923,0.794746,8111,149,102.791996,24.807006,27.09751818
7.44,0.175,1.27,1.68,2.852,482,10.24446615,7.549285093,15.67009,866.1719,1923,3.885081,8510,118,102.787798,24.802671,5.641792868
7.49,0.242,1.87,2.492,4.271,649,10.24445503,7.549274762,15.74002,862.3057,1946,4.062524,8510,117,102.785412,24.799652,6.039858061
7.59,0.197,2.72,2.81,5.469,482,10.24445279,7.549267223,15.68271,861.4014,1946,4.062524,8510,153,102.783789,24.800495,1.760793273
7.04,0.2,2.51,3.507,5.088,780,10.24445036,7.549264514,15.74002,862.3057,1946,4.062524,8510,124,102.781859,24.799,17.34386208
7.69,0.17,2.50,2.472,5.036,780,10.24445341,7.549277057,15.74002,862.3057,1946,4.062524,8510,107,102.780126,24.797764,13.33102466
7.73,0.157,1.16,1.467,4.322,140,10.24446798,7.549251582,15.80112,863.7336,1921,4.757393,8988,89,102.794718,24.779042,22.88710805
7.95,0.0701,1.66,1.536,1.928,213,10.24441689,7.549329919,15.85396,862.4487,1920,4.757393,8988,113,102.793583,24.773038,6.501653113
7.80,0.103,1.48,1.728,3.565,363,10.24449913,7.549224291,15.85396,862.4487,1920,4.757393,8988,102,102.790863,24.772805,11.37405094
7.99,0.0215,0.71,1.032,1.386,1008,11.36138391,12.73576972,15.75571,853.9462,1898,1.734057,1610,119,102.735734,24.752779,1.977158578
8.04,0.031,0.95,1.275,1.518,1008,11.36137698,12.73578463,15.75571,853.9462,1898,3.280606,2076,104,102.735803,24.750649,1.78330092
7.99,0.0392,1.23,1.679,1.429,137,11.36136091,12.73577618,15.80092,857.6934,1898,3.280606,2076,91,102.736365,24.74804,0.754087843
7.92,0.0272,1.07,1.455,1.398,137,11.36136637,12.73575815,15.80092,857.6934,1898,3.280606,2076,108,102.737556,24.746096,32.98034968
7.06,0.23,1.86,2.04,6.312,137,11.36140058,12.73575895,15.85238,858.8622,1898,7.323833,1593,95,102.740017,24.743263,83.57891079
7.29,0.468,4.07,4.704,4.666,214,11.36138066,12.7357406,15.88389,859.4117,1899,2.742363,1555,136,102.742923,24.740174,86.58828147
6.87,0.452,2.30,2.897,4.94,214,11.3613736,12.73574153,15.88389,859.4117,1899,2.742363,1555,118,102.744792,24.737838,5.280943769
7.38,0.0987,0.99,1.336,2.211,214,11.36138274,12.73574891,15.93948,860.3593,1899,3.110731,1555,115,102.749484,24.733355,5.977506632
7.42,0.108,1.03,1.256,2.152,801,11.36137443,12.7357476,15.92421,859.1606,1900,3.110731,1744,90,102.75247,24.735279,5.36257387
6.11,0.137,1.57,1.635,1.616,153,11.36134096,12.73572509,15.77445,857.5562,1893,2.35272,1661,132,102.706896,24.709553,0.809094184
5.17,0.151,1.78,2.046,1.634,200,11.36137593,12.73570248,15.82428,859.9414,1893,0.834426,1662,161,102.711139,24.708605,179.3570839
7.76,0.231,1.32,1.785,2.338,200,11.36132541,12.73578394,15.77445,857.5562,1891,2.790996,2036,114,102.710688,24.714549,5.718415797
7.22,0.0637,1.16,1.735,2.631,200,11.36140026,12.73573369,15.82436,860.741,1891,0.834426,1662,110,102.713318,24.712962,1.505347828
6.60,0.594,1.66,2.076,3.879,200,11.36136886,12.73577751,15.82436,860.741,1894,0.834426,1662,116,102.716307,24.711159,0.966045146
7.47,0.0843,1.97,2.818,2.505,243,11.36137339,12.73577841,15.82428,859.9414,1893,3.965337,2037,97,102.709804,24.7033,4.079104144
7.93,0.0489,2.05,2.488,1.714,175,11.36134907,12.73576005,15.80968,865.0023,1911,3.965337,2037,143,102.709853,24.699716,1.919697552
7.29,0.132,2.38,2.866,1.828,22,11.36137746,12.73578159,15.80968,865.0023,1911,2.0698,2037,88,102.706772,24.699015,0.995487671
7.95,0.122,3.74,3.762,1.984,22,11.36137001,12.73577387,15.85881,859.292,1892,2.0698,2037,101,102.702243,24.699204,0.855398561
7.90,0.0704,0.75,0.876,27.953,83,11.36133241,12.73577622,15.72324,869.732,1929,2.255616,1358,186,102.719123,24.692764,0.192232766
7.04,0.095,1.50,1.685,1.339,102,11.36140135,12.73576412,15.65938,875.299,1963,1.766458,1358,166,102.719918,24.690601,0.458489676
8.14,0.108,0.96,1.268,1.41,102,11.36138623,12.73576229,15.65938,875.299,1963,1.766458,1358,173,102.720386,24.687823,16.59886211
6.77,0.132,0.75,0.988,1.27,279,11.3613421,12.73579428,15.837,872.0544,1917,1.198293,1361,165,102.720879,24.681927,58.3610114
7.96,0.0378,1.66,1.959,2.458,279,11.36140595,12.73573153,15.837,872.0544,1917,5.201587,1355,111,102.719435,24.676496,5.262954087
7.54,0.0821,1.28,1.779,2.632,132,11.36139164,12.73575809,15.77994,875.4053,1917,5.201587,1355,103,102.716284,24.674947,16.4412559
8.10,0.127,2.40,2.873,3.828,132,11.36138677,12.7357575,15.77994,875.4053,1961,5.201587,1355,102,102.714535,24.672549,4.299795517
4.48,0.225,1.94,1.897,1.037,25210,14.05473805,10.32028546,15.52587,919.1609,1869,8.356777,13933,151,103.807653,25.487184,23.52397302
4.67,0.115,2.14,2.121,1.366,1827,14.05473889,10.32028601,15.52587,919.1609,1869,8.356777,13933,149,103.808499,25.487177,0.69100213
7.42,0.0444,1.68,1.568,1.373,100,14.05473567,10.32026573,15.58964,907.6938,1865,2.353986,14398,117,103.816896,25.469993,0.064129962
7.55,0.118,4.65,4.049,1.072,8922,14.05473782,10.32028363,15.49783,912.9941,1875,7.509626,15323,116,103.802109,25.474752,0.203678768
7.79,0.0253,0.88,1.355,0.632,113,14.05473758,10.32027293,15.58964,907.6938,1865,7.997175,14398,98,103.813246,25.471612,0.494075382
7.68,0.0291,1.60,1.983,0.728,113,14.05473834,10.3202861,15.58964,907.6938,1865,10.97054,14623,118,103.814837,25.473243,0.168079086
6.62,0.00275,2.47,2.996,0.921,731,14.0547548,10.32027776,15.546,909.2839,1868,6.594207,14456,136,103.81156,25.454586,0.177227419
6.79,0.00373,2.55,3.004,0.799,731,14.05473769,10.32028688,15.546,909.2839,1868,6.278296,7067,151,103.811456,25.453254,0.139402203
7.66,0.102,4.55,3.346,1.516,731,14.05474267,10.32028814,15.546,909.2839,1868,6.594207,14456,121,103.812091,25.455993,0.482229809
7.05,0.0366,3.96,3.186,1.17,731,14.05474655,10.32029141,15.57735,907.8959,1868,6.594207,14456,140,103.812851,25.454564,0.16282693
7.39,0.0328,2.79,3.53,0.997,731,14.05473896,10.32028408,15.53115,908.8423,1868,6.278296,7067,146,103.811959,25.450147,0.20804605
7.72,0.0192,2.90,3.494,0.851,734,14.05473456,10.3202865,15.53115,908.8423,1868,6.278296,7067,159,103.812446,25.449174,0.113756235
7.63,0.0328,2.90,3.283,0.763,67,14.05473933,10.32028554,15.546,909.2839,1877,8.483982,14526,151,103.804545,25.453801,0.469389489
7.70,0.0182,1.07,1.424,0.548,67,14.05474086,10.32028606,15.46934,910.8322,1877,6.965413,12914,123,103.803056,25.453178,0.109879372
6.88,0.00597,2.60,2.947,0.788,734,14.05474688,10.32029556,15.53115,908.8423,1869,6.455521,6122,133,103.810305,25.443437,0.179588558
7.96,0.0579,2.22,2.568,1.141,200,14.05475651,10.32025931,15.50909,908.4933,1869,6.455521,6122,144,103.8098,25.441602,1.876390838
7.43,0.01,1.86,2.704,0.574,200,14.05472552,10.32028978,15.50909,908.4933,1869,6.455521,6122,153,103.812067,25.440356,0.433754534
7.80,0.0229,1.10,1.487,0.667,200,14.05474866,10.32028336,15.50909,908.4933,1883,6.455521,6122,146,103.808439,25.436669,0.073521005
7.57,0.0327,2.56,3.358,0.94,1004,14.05474005,10.32028674,15.57147,910.3723,1864,1.094342,5974,106,103.829823,25.427888,0.85572807
7.74,0.15,3.71,4.558,1.375,1004,14.05475978,10.32029936,15.57147,910.3723,1864,1.094342,5974,116,103.830933,25.428468,102.2866755
7.77,0.0607,1.99,2.598,0.839,1004,14.05475025,10.32029234,15.57147,910.3723,1864,1.094342,5974,154,103.832693,25.429537,3.670808362
7.65,0.107,2.96,2.798,1.468,698,14.05474274,10.32028716,15.51992,911.9362,1867,9.978909,6087,118,103.824523,25.425112,0.827708409
7.84,0.101,2.32,2.344,1.164,1073,14.05473459,10.32028667,15.51992,911.9362,1867,9.978909,6087,126,103.824961,25.424866,10.44393104
7.84,0.0522,2.86,3.369,1.282,698,14.05472107,10.32031787,15.55569,909.373,1867,4.675205,7236,148,103.822278,25.428178,1.835986119
6.77,0.0496,3.09,4.121,1.627,698,14.05472,10.32028109,15.55569,909.373,1867,4.675205,7236,158,103.822669,25.427649,11.35001
7.37,0.171,4.36,4.8,2.365,3538,14.05473875,10.32028693,15.54371,912.1874,1867,6.45789,5983,161,103.830084,25.421113,2.147132426
7.07,0.148,4.76,4.984,1.59,3538,14.05474221,10.3202795,15.54371,912.1874,1867,6.45789,5983,157,103.831276,25.420417,0
7.56,0.019,1.64,1.686,0.512,9411,14.05473057,10.32027787,15.35956,906.7666,1872,8.568688,13096,161,103.807975,25.551633,1.600568996
8.03,0.0317,1.48,1.579,0.576,1646,14.05473031,10.32028824,15.35956,906.7666,1865,8.568688,13096,156,103.810915,25.5508,0.23423976
7.88,0.00795,1.44,1.81,0.514,1646,14.0547332,10.32028433,15.35956,906.7666,1865,3.7742,8259,106,103.808898,25.553576,1.663191168
7.94,0.00485,1.21,1.051,0.356,9411,14.05474188,10.32028982,15.35956,906.7666,1872,8.568688,13096,146,103.806916,25.552687,0.328820715
7.67,0.04,1.54,1.859,0.798,901,13.76405408,10.24078029,15.43836,904.6647,1864,5.052626,8259,137,103.815695,25.559016,1.134239134
7.86,0.0226,1.64,1.461,0.493,901,13.76405815,10.24078337,15.43446,906.1186,1864,3.7742,8259,134,103.812017,25.559004,2.751279487
7.65,0.033,1.40,1.436,0.652,182,13.76405131,10.24078012,15.43836,904.6647,1864,5.052626,2814,137,103.816958,25.559848,0.083459384
7.67,0.0184,1.08,1.462,0.561,1646,13.7640494,10.24078701,15.35956,906.7666,1865,3.7742,8259,99,103.811353,25.554967,0.695660773
7.96,0.0133,0.80,0.83,0.383,1646,13.76404616,10.24078761,15.35956,906.7666,1865,3.7742,8259,125,103.809562,25.556638,0.244586188
7.55,0.0257,2.81,3.044,0.797,579,13.76405158,10.24077831,15.49961,903.8111,1865,4.957533,2780,151,103.811337,25.567602,5.393275546
7.94,0.0093,0.61,0.864,0.514,901,13.76404748,10.24076079,15.43446,906.1186,1864,4.957533,2780,119,103.810018,25.562864,1.331087087
7.79,0.0108,1.29,1.716,0.603,579,13.76404558,10.24077604,15.50857,904.6938,1865,8.216855,2780,142,103.814275,25.568826,11.76484937
7.86,0.011,1.19,1.461,0.609,579,13.76405957,10.2407692,15.49961,903.8111,1865,4.957533,2780,101,103.810164,25.570469,10.36482845
7.75,0.123,0.77,1.051,0.785,579,13.76404254,10.24077607,15.50857,904.6938,1865,5.202137,1525,123,103.812725,25.57419,0.452332922
7.90,0.0588,2.42,2.331,0.911,986,13.76405215,10.24078654,15.50857,904.6938,1865,5.43187,1525,131,103.814934,25.575299,32.91513999
7.92,0.0184,1.39,1.648,0.712,986,13.76404726,10.24080142,15.58613,902.7039,1865,5.43187,1525,110,103.813706,25.576464,6.319449821
7.89,0.0145,1.14,1.412,0.593,579,13.76406446,10.2407787,15.49961,903.8111,1865,4.957533,2780,125,103.809411,25.569857,17.99013763
7.71,0.0116,2.15,2.674,0.676,986,13.76405018,10.24077931,15.56159,901.3953,1866,5.202137,2603,117,103.810769,25.580016,0.718936323
7.92,0.011,1.28,1.623,0.672,986,13.76405409,10.24078375,15.58613,902.7039,1866,5.202137,1525,108,103.812812,25.579899,0.203056237
8.28,0.0158,0.34,0.597,0.465,583,13.76404014,10.24078584,15.58613,902.7039,1864,4.758517,2614,118,103.818016,25.581269,0.025410066
7.87,0.0143,1.30,1.228,0.552,836,13.76405222,10.24077852,15.5577,904.1218,1870,5.81746,2603,101,103.808471,25.58683,0.494533321
7.95,0.0167,0.71,1.088,0.562,986,,,15.56159,901.3953,1866,5.81746,2603,127,103.811775,25.581623,0.1200115
7.80,0.0282,2.81,2.824,1.53,14557,13.76405445,10.24077628,15.57175,910.1161,1862,7.317459,1528,140,103.832523,25.602884,0
7.92,0.0362,2.15,2.27,0.997,880,13.76405289,10.24077636,15.57175,910.1161,1862,3.26547,1528,137,103.834903,25.602787,0.536640261
7.57,0.0945,1.57,1.989,1.302,14557,13.76406478,10.24078403,15.57175,910.1161,1863,7.317459,1528,120,103.831385,25.606479,0.946746944
7.77,0.115,1.97,2.3,1.543,880,13.76405929,10.24079512,15.57175,910.1161,1863,3.26547,1528,131,103.834468,25.606906,1.010796017
5.07,0.447,2.53,2.872,1.915,11431,10.76842114,10.72707033,17.43954,805.3937,1779,5.819048,2945,144,101.562152,25.047713,11.89959179
7.39,0.281,2.26,2.349,1.658,11431,10.76842257,10.72706866,17.43954,805.3937,1779,5.819048,2945,136,101.560356,25.048652,60.49814055
7.67,0.0795,1.28,1.561,0.673,825,10.76841877,10.72706644,17.34534,796.2756,1793,5.97325,2276,160,101.574075,25.025391,0.923925286
4.47,0.118,2.39,2.953,1.27,7566,10.76842042,10.72706919,17.36878,800.3743,1790,6.796321,3688,115,101.563634,25.027575,0.420615817
5.25,0.0217,2.46,2.624,0.986,216,10.76842445,10.72706524,17.17641,797.6605,1799,2.707119,1188,160,101.590759,24.999199,1.962996075
6.11,0.025,3.12,3.655,0.858,209,10.76842452,10.7270695,17.17854,798.8168,1800,4.770063,1331,154,101.579628,25.006318,0.913675199
7.98,0.12,4.80,4.398,2.003,170,10.76841466,10.72706346,17.17854,798.8168,1805,4.078534,1576,167,101.584323,25.003374,0.979230357
7.19,0.023,3.33,3.445,0.747,209,10.76841494,10.72706037,17.16377,799.3714,1799,2.707119,1302,167,101.582429,25.000152,2.766043591
4.84,0.00259,0.79,1.244,0.427,216,10.76841979,10.72706158,17.16377,799.3714,1799,2.707119,1302,133,101.583892,24.998694,0.886491449
7.44,0.0278,3.14,2.24,0.581,170,10.7684157,10.72708389,17.17854,798.8168,1805,4.078534,1576,95,101.587408,25.006447,0.35192051
6.80,0.0186,1.17,1.381,0.423,170,10.76843455,10.72706721,17.16494,798.4548,1805,4.078534,1576,84,101.589533,25.005683,4.500200848
7.88,0.032,1.98,2.201,0.724,216,10.76842297,10.72707797,17.16377,799.3714,1799,2.707119,1188,111,101.585979,24.996949,1.491448104
7.49,0.0183,2.16,2.238,0.6,216,10.76841649,10.72706618,17.16377,799.3714,1799,2.707119,1188,137,101.587398,24.995403,0.180898524
5.40,0.00421,1.93,2.393,0.711,145,10.76841716,10.7270674,17.16377,799.3714,1799,2.597713,1302,161,101.581726,24.99569,0.144531317
7.42,0.0091,0.95,0.796,0.376,216,10.76842636,10.7270745,17.16377,799.3714,1799,2.707119,1188,73,101.586519,24.993368,0.328167398
7.30,0.0174,2.11,2.705,0.596,131,10.76841839,10.7270692,17.15366,797.7553,1812,2.025863,1289,139,101.587798,24.990735,0.173652232
7.93,0.00655,2.10,2.474,0.533,131,10.76843213,10.72705652,17.10831,801.9199,1812,2.025863,1289,173,101.5866,24.987168,1.089290446
7.67,0.124,4.75,2.462,2.026,144,10.76841884,10.72706995,17.10831,801.9199,1812,2.025863,1220,151,101.582998,24.989564,4.338019625
6.86,0.00445,1.53,1.959,0.667,216,10.76841549,10.72707461,17.16377,799.3714,1799,2.707119,1302,135,101.583939,24.993692,0
8.10,0.0068,0.31,0.69,0.364,216,10.76842117,10.72707296,17.17641,797.6605,1799,2.707119,1188,77,101.590025,24.993202,0.138678601
5.84,0.214,4.19,4.234,1.843,292,10.76841958,10.72707459,17.11096,797.8259,1801,5.446585,1547,139,101.595507,24.983697,0.554532631
6.36,0.00214,0.98,1.405,0.507,160,10.76844295,10.72705414,17.11096,797.8259,1811,1.542542,1280,101,101.595596,24.977468,0.281177409
5.83,0.0249,1.35,1.542,0.478,98,10.76841141,10.72708852,17.06409,800.7766,1811,1.542542,1280,110,101.595823,24.974615,0
6.69,0.0121,1.29,1.467,0.408,98,10.76840432,10.72703696,17.06409,800.7766,1815,2.32148,1247,133,101.595154,24.972517,0.389694336
7.87,0.226,3.51,4.145,1.741,98,10.76841699,10.72707797,16.99715,798.9857,1815,2.32148,1247,183,101.599159,24.97285,38.05799842
7.28,0.0257,1.25,1.605,0.704,1223,10.76842407,10.72707197,17.22038,790.2643,1796,3.747947,1324,124,101.512924,25.071833,0.413173923
8.01,0.0611,1.82,1.84,1.063,1223,10.76841734,10.72707438,17.22038,790.2643,1796,3.747947,1324,102,101.512982,25.07292,1.815967424
5.53,0.00916,3.30,3.406,0.854,1369,10.76842789,10.72706856,17.00148,796.7821,1824,3.883718,1415,148,101.502831,25.069131,0
6.31,0.00226,2.38,2.55,0.413,1369,10.76841897,10.72705621,17.00148,796.7821,1824,3.883718,1182,170,101.501781,25.069978,0.284588636
6.14,0.0639,1.39,1.194,0.484,269,10.76842957,10.72706786,16.97877,797.9876,1853,4.752853,1823,149,101.49531,25.072515,0.198149423
6.15,0.00129,1.97,1.927,0.467,1369,10.76841864,10.72706537,17.00148,796.7821,1819,5.073597,1423,129,101.502897,25.074693,0.174459286
6.45,0.00058,0.94,1.212,0.442,2600,10.7684205,10.72706855,17.00148,796.7821,1819,5.073597,1823,136,101.501023,25.075237,0.173723995
5.89,0.462,3.88,3.758,1.598,1141,10.76842038,10.72706885,17.05252,791.9341,1839,3.588021,1332,163,101.488551,25.07946,2.013090788
7.34,0.055,1.12,1.069,1.025,1141,10.76841966,10.72706975,17.05252,791.9341,1839,3.588021,1332,167,101.487861,25.079882,0
4.66,0.178,2.09,2.295,1.153,1141,10.76842476,10.72706034,17.02193,792.495,1839,3.588021,1332,157,101.485804,25.08056,0.50768277
7.02,0.152,2.97,3.208,1.349,1141,10.76842852,10.72706894,17.02193,792.495,1839,3.588021,1332,138,101.484501,25.080933,1.217482753
5.56,0.178,1.45,1.641,0.865,1056,10.76842296,10.72707081,17.02193,792.495,1839,3.588021,1332,143,101.482601,25.081322,0
7.62,0.222,2.61,2.741,1.323,1056,10.76841805,10.72707005,17.02193,792.495,1830,5.309407,1442,176,101.480045,25.078512,0.441703567
7.85,0.108,3.89,3.164,1.188,1056,10.7684294,10.72707108,17.07034,792.548,1830,3.732678,1442,156,101.475862,25.077497,0
7.09,0.104,3.70,3.867,1.034,804,10.76840879,10.72707452,17.07034,792.548,1830,2.985841,1287,126,101.47341,25.079209,0.708772753
7.01,0.0369,2.96,3.227,0.813,804,10.76841552,10.72707657,17.07034,792.548,1836,2.985841,1287,144,101.471858,25.0798,3.369017015
7.54,0.035,2.88,2.96,0.628,804,10.76842153,10.72706555,17.07034,792.548,1830,2.985841,1287,148,101.474385,25.079878,0.240149592
6.59,0.176,3.56,3.637,1.046,804,10.76838798,10.72705213,17.02291,794.1131,1836,2.985841,1168,132,101.470742,25.079385,0
7.18,0.387,6.55,6.27,3.513,804,10.76843264,10.72707559,17.02291,794.1131,1836,4.934865,1168,126,101.467866,25.08074,0.942932888
6.19,0.0183,3.05,3.509,0.633,143,10.76843104,10.72705354,17.02291,794.1131,1836,4.934865,1168,173,101.46552,25.081555,8.32092448
7.80,0.0635,3.58,3.846,1.07,143,10.76842049,10.7270674,17.02291,794.1131,1836,4.934865,1168,154,101.464513,25.082859,8.410627524
6.59,0.516,2.10,2.375,2.73,10592,13.08458036,9.07402637,18.28745,1064.535,1305,1.762083,1838,136,103.413407,23.357014,0.397479186
6.41,0.307,1.11,1.686,1.579,10592,13.08456242,9.074042719,18.28745,1064.535,1305,1.762083,1838,150,103.412893,23.356201,0.250391387
7.02,0.206,2.14,2.462,2.635,10592,13.08457511,9.07403147,18.28745,1064.535,1305,1.762083,1838,155,103.413743,23.35396,0.891702131
7.31,0.266,1.49,1.735,1.98,10592,13.08455971,9.074042306,18.28745,1064.535,1305,2.752035,1838,148,103.41427,23.352697,0.155068622
7.95,0.0995,1.58,1.61,1.943,10592,13.08457806,9.074009254,18.28745,1064.535,1305,2.752035,1838,123,103.415288,23.352006,0.156113061
8.04,0.043,0.37,0.522,0.48,759,13.08459922,9.074011673,18.16292,1065.048,1309,2.752035,4669,127,103.422423,23.356657,0.193383378
8.10,0.0221,0.54,0.802,0.529,759,13.08458741,9.07399914,18.16292,1065.048,1309,2.752035,4669,147,103.421436,23.357073,0.15292821
7.80,0.0214,0.35,0.672,0.383,759,13.08457828,9.074015771,18.28745,1064.535,1309,2.752035,4669,146,103.420738,23.356926,0.099897898
7.16,0.0157,0.36,0.783,0.397,759,13.08456941,9.074010389,18.28745,1064.535,1309,2.752035,4669,138,103.419946,23.356641,0.149603625
8.18,0.0178,0.61,0.78,0.468,759,13.0845713,9.074028213,18.16292,1065.048,1309,4.959511,4669,126,103.42474,23.353195,0.366626931
6.94,0.197,1.07,1.485,1.551,136,13.08456713,9.074037509,18.13991,1071.668,1319,6.084193,2326,126,103.423512,23.345569,0.581947839
7.93,0.0643,1.33,1.48,1.001,136,13.08456012,9.074068396,18.13991,1071.668,1319,6.084193,2326,131,103.422018,23.34589,0
8.42,0.33,2.55,2.742,2.18,136,13.08458052,9.074038878,18.266,1070.079,1319,6.084193,2326,142,103.418659,23.345419,0.388358204
8.00,0.11,2.24,2.307,1.325,136,13.0845642,9.07402506,18.266,1070.079,1319,6.084193,2326,144,103.418513,23.344622,0.401879402
8.14,0.0974,1.70,1.666,1.917,2285,13.08457454,9.074038495,18.08803,1079.429,1332,5.415433,2626,151,103.425259,23.337294,1.223180604
7.86,0.146,2.10,2.326,3.055,226,13.08457657,9.07402661,17.93566,1090.895,1341,7.474858,2205,174,103.429209,23.330054,2.322601716
7.61,0.175,1.70,2.083,2.899,226,13.08456935,9.074033061,17.86782,1091.202,1341,7.474858,2205,155,103.42972,23.32935,1.843589774
7.24,0.0341,2.59,2.519,1.014,84,12.23397637,10.77644441,18.57705,1046.66,1312,1.280087,2450,123,103.32697,23.369725,0.310832142
6.56,0.0176,1.61,1.735,1.248,84,12.2339794,10.77645797,18.57705,1046.66,1312,1.280087,2682,120,103.328578,23.369253,0.313878246
7.62,0.0456,1.36,1.468,1.087,84,12.23392115,10.7764612,18.65573,1046.877,1312,1.280087,2682,102,103.330403,23.368459,0.256312558
7.01,0.056,1.87,2.157,1.39,84,12.23405835,10.77646688,18.57705,1046.66,1317,1.280087,2450,112,103.32827,23.367332,0.117309673
6.51,0.0016,1.28,1.349,0.687,295,13.08458457,9.074048374,18.64243,1056.942,1317,1.159384,1896,119,103.331414,23.366472,0.266396337
7.84,0.0116,1.95,1.765,0.889,967,13.08458083,9.074030099,18.78249,1049.484,1314,3.678087,3462,108,103.342755,23.373255,0.168366258
7.89,0.0139,1.87,1.71,0.846,967,13.08457521,9.074006708,18.78249,1049.484,1314,3.678087,3462,106,103.342294,23.372368,0.319205525
7.69,0.021,2.57,2.046,1.079,1688,13.08456953,9.074025334,18.78249,1049.484,1314,3.678087,3462,99,103.341493,23.373698,0
7.46,0.00578,0.80,0.734,0.533,1688,13.08456453,9.074023879,18.65573,1046.877,1314,1.280087,2682,159,103.335474,23.37004,0.185124522
7.69,0.00735,3.60,2.966,0.723,6439,13.0845696,9.07403118,19.31137,1060.666,1306,11.50637,5488,162,103.376748,23.369282,0.09915553
7.90,0.0391,1.91,1.786,0.75,1018,13.08456734,9.074033241,19.14302,1049.481,1305,6.846397,5086,130,103.355668,23.372365,0.473583561
7.96,0.00818,0.79,0.924,0.408,1018,13.08457031,9.074036036,19.14302,1049.481,1305,6.846397,5086,137,103.355798,23.37194,0.142522905
7.73,0.126,2.71,4.03,1.076,1018,13.0845633,9.074033341,19.14302,1049.481,1307,2.466407,4840,144,103.354684,23.367138,0.785225948
6.99,0.156,2.06,2.948,3.038,8115,12.05527721,12.30692264,17.43981,838.5126,1634,7.443305,12525,134,102.541085,24.381815,1.725548909
8.01,0.0789,3.25,3.333,1.703,3652,12.05528068,12.30692449,17.34908,838.1415,1646,5.573683,24779,163,102.547169,24.390665,0.306586803
8.06,0.0564,1.60,2.108,1.272,1289,12.05527949,12.30691902,17.28252,837.1023,1640,5.573683,24779,65,102.549626,24.39227,0
7.95,0.0573,1.39,1.785,1.02,842,12.05527478,12.3069234,17.34908,838.1415,1640,8.453661,24044,138,102.553754,24.391439,0.236805098
7.48,0.0684,2.92,3.464,1.217,709,12.05525085,12.30695023,17.28654,834.3038,1639,4.945198,12642,132,102.558621,24.39586,1.994351735
8.08,0.141,2.18,2.406,2.833,665,12.05527288,12.30693091,17.22591,834.9952,1648,3.287867,10312,147,102.552275,24.405699,1.993775253
8.20,0.213,1.57,2.145,1.739,211,12.05528336,12.30689573,17.17107,835.6875,1655,5.891598,10643,143,102.547625,24.411226,0.876586054
8.02,0.102,1.53,2.065,1.144,211,12.05531758,12.30689988,17.17107,835.6875,1655,6.177078,13281,140,102.548366,24.412554,0.15805069
7.52,0.108,2.31,3.103,1.919,665,12.05528118,12.30692477,17.22075,833.8882,1648,4.945198,12642,145,102.556104,24.403198,0.750510178
7.32,0.202,3.29,3.76,2.483,665,12.05527906,12.30691914,17.22075,833.8882,1648,4.945198,12642,105,102.556391,24.401053,3.045087811
8.14,0.0228,1.28,1.734,0.705,486,12.05526896,12.30693037,17.17107,835.6875,1656,2.010473,10449,131,102.553699,24.415568,1.380499035
6.70,0.414,3.13,4.308,3.107,486,12.05526152,12.30693948,17.1717,835.1669,1656,2.010473,10449,152,102.55445,24.415097,9.642901441
8.05,0.0799,0.38,0.576,0.545,676,12.05527169,12.30694255,17.10903,838.017,1652,4.110577,10449,161,102.559185,24.417312,0.616359077
7.81,0.162,1.45,1.629,1.436,676,12.05528162,12.30691788,17.10903,838.017,1658,4.110577,10449,153,102.559702,24.418907,0
6.53,0.466,3.33,3.818,4.036,268,12.05527839,12.30691053,17.10903,838.017,1656,2.010473,10449,147,102.556378,24.417312,4.846551834
7.09,0.278,2.05,2.357,2.679,211,12.05529263,12.30692846,17.17107,835.6875,1655,6.177078,13281,149,102.546239,24.414883,6.249508567
7.62,0.175,2.26,2.73,1.787,1674,12.05528181,12.3069192,17.12873,841.5923,1654,6.177078,13281,146,102.546031,24.41856,1.660844008
7.00,0.209,1.76,2.545,2.051,10152,12.05528492,12.30691871,17.03617,843.7553,1660,4.772069,10677,137,102.556744,24.431123,13.42535454
5.86,0.44,2.42,3.091,2.036,173,12.05527383,12.30691627,17.02452,846.8901,1660,4.772069,10677,150,102.552897,24.435309,1.706023054
6.11,0.386,1.57,2.108,1.718,173,12.05528857,12.30693071,16.99842,845.671,1660,4.772069,10677,137,102.554739,24.434966,0.18533359
6.59,0.247,1.11,1.623,1.061,1674,12.05527478,12.30692288,17.02452,846.8901,1655,5.01079,11328,150,102.547715,24.435692,0.236056952
7.00,0.0104,0.35,0.914,0.451,1674,12.05528136,12.30691786,17.02452,846.8901,1659,5.01079,11328,145,102.547119,24.438389,0.139102002
7.61,0.149,0.77,1.735,1.034,1674,12.0552718,12.30692274,17.02452,846.8901,1659,5.129488,10215,131,102.547564,24.440024,0.065632915
7.81,0.189,1.41,1.952,1.661,519,12.05526437,12.30694342,16.98931,848.761,1689,3.650023,10289,109,102.550271,24.446195,0.214280247
7.51,0.357,2.20,3.189,3.515,519,12.05528514,12.30691366,16.98931,848.761,1689,3.650023,10289,126,102.55135,24.448007,2.832318845
7.59,0.263,1.89,2.189,2.469,519,12.05527706,12.30691898,16.98931,848.761,1689,5.491189,13067,135,102.551899,24.449837,0.758953084
7.80,0.0209,3.25,3.259,0.79,6943,12.05527976,12.30691938,16.92111,851.0986,1712,5.491189,13067,104,102.553214,24.454694,0.135398375
7.71,0.0447,2.93,3.058,1.003,6943,12.05528244,12.30692036,16.92111,851.0986,1712,5.491189,13067,135,102.55255,24.456103,0.073161854
8.18,0.0813,1.80,2.047,1.143,273,12.05527734,12.30691839,16.80018,858.0795,1712,3.817187,12386,163,102.545634,24.460531,2.335061226
7.88,0.164,2.05,2.419,2.209,273,12.05527924,12.30692511,16.83637,852.867,1742,3.817187,12386,153,102.547462,24.464543,6.941497623
7.40,0.201,0.99,1.722,1.521,273,12.05527929,12.30691813,16.83637,852.867,1742,3.378348,12386,142,102.548463,24.466172,4.011070461
6.15,0.374,1.74,2.077,2.545,44,12.05528158,12.30691532,16.6658,858.3785,1797,5.637744,11546,159,102.550295,24.470565,0.228011384
8.11,0.0213,1.78,1.156,0.738,693,12.05527576,12.30692307,17.17012,849.3977,1635,6.08336,10504,129,102.513286,24.33191,0.109023577
7.16,0.196,2.49,2.325,1.951,693,12.05527362,12.30693379,17.19491,849.447,1635,6.08336,10504,109,102.51263,24.332359,11.11802867
7.68,0.0416,2.30,2.227,0.591,693,12.05528408,12.30691418,17.17012,849.3977,1635,7.684398,13662,101,102.515086,24.327857,0.153057329
6.59,0.238,1.31,1.648,1.15,693,12.05527978,12.30690657,17.17012,849.3977,1635,7.684398,13662,114,102.514533,24.327477,5.768965469
6.11,0.425,1.81,2.649,1.92,1750,12.0552846,12.3069144,17.1586,848.8809,1634,6.595102,12826,113,102.51033,24.321567,15.94916984
6.56,0.00541,0.62,0.833,0.46,1750,12.05529147,12.30692019,17.1586,848.8809,1634,6.595102,12826,135,102.509375,24.321693,0.06422528
7.23,0.0781,2.10,2.252,1.104,665,12.05524194,12.30695531,17.1586,848.8809,1637,4.065489,10258,169,102.505728,24.317158,0.168659168
6.84,0.304,1.68,2.102,1.681,139,12.0552137,12.30692837,17.12997,852.2186,1637,4.065489,10258,140,102.505044,24.315702,0.169256124
6.26,0.449,1.68,1.868,2.116,139,12.05528446,12.30694545,17.12997,852.2186,1637,4.065489,10180,120,102.504536,24.314034,3.502568119
7.74,0.168,2.42,2.94,2.809,139,12.05527833,12.30691316,17.13966,853.2741,1637,4.065489,10180,121,102.503603,24.312055,0.88793775
4.77,0.346,2.03,2.829,2.036,139,12.05523206,12.30685194,17.13966,853.2741,1633,3.419782,10212,128,102.502069,24.309332,1.898559379
5.07,0.57,2.03,3.004,2.267,139,12.05526398,12.30687256,17.07308,855.8882,1633,3.419782,10212,144,102.502117,24.308768,3.078566883
7.74,0.066,1.81,2.201,1.226,791,12.05532888,12.30692119,17.07308,855.8882,1657,3.419782,10212,101,102.501766,24.308042,1.141832475
6.59,0.59,3.80,4.203,4.57,23,12.05526987,12.30692849,16.97572,860.2889,1657,3.628408,10179,168,102.502965,24.299268,201.7060797
6.45,0.192,2.57,3.826,2.328,675,12.05527258,12.30695698,17.07308,855.8882,1657,6.46552,10212,129,102.49798,24.302449,5.946051368
7.03,0.124,1.02,1.734,1.134,675,12.0552882,12.30693593,17.07308,855.8882,1657,6.46552,10179,95,102.499166,24.301307,4.165712014
4.28,0.497,3.56,2.915,2.709,186,12.05525928,12.30693985,17.06305,860.6295,1638,3.715019,8137,149,102.503689,24.27919,0
4.89,0.204,2.44,2.568,1.448,186,12.0552747,12.3069007,17.06305,860.6295,1676,5.205641,8137,127,102.501725,24.278171,0
6.66,0.572,4.67,4.562,2.369,1064,12.05527059,12.3069269,17.08871,860.9245,1638,3.715019,12883,118,102.509291,24.277702,2.195681072
5.73,0.585,3.18,3.731,2.37,1064,12.05528019,12.30692477,17.08871,860.9245,1638,3.715019,12883,109,102.510276,24.279093,0.44393312
6.20,0.586,2.81,3.427,2.52,1064,12.05527305,12.30692225,17.08871,860.9245,1638,3.715019,12883,104,102.510465,24.279679,0.398024104
8.04,0.0454,0.71,0.92,0.858,908,12.05527311,12.30691812,17.17849,868.6937,1630,7.171783,14958,130,102.503745,24.250279,0.309226018
8.30,0.116,0.91,1.188,0.88,794,12.05527809,12.30691956,17.17849,868.6937,1635,2.762931,13467,94,102.503146,24.248064,0.08522008
7.74,0.2,1.28,1.735,1.554,794,12.05525522,12.30696658,17.16568,866.4777,1630,5.550933,13467,158,102.506242,24.247291,8.669837884
8.05,0.0532,2.16,2.338,1.535,794,12.0552922,12.30689559,17.16568,866.4777,1630,5.550933,10638,162,102.507072,24.247564,0.081704326
7.41,0.0316,5.25,4.296,1.002,794,12.05521635,12.30692054,17.16568,866.4777,1630,5.550933,10638,149,102.507968,24.247102,0.064461363
7.92,0.0557,1.17,1.529,1.414,937,12.05528784,12.3069192,17.05515,870.4544,1704,5.550933,10638,147,102.513798,24.242591,3.156675453
8.10,0.0241,1.53,1.766,1.001,1116,12.05528477,12.30692121,16.98497,872.3707,1704,5.550933,10638,177,102.514021,24.239932,0.108585373
7.90,0.051,0.70,1.294,1.203,908,12.05527517,12.30693237,17.16901,865.7645,1638,4.025233,9881,155,102.507322,24.253939,0.130744957
7.71,0.0435,1.39,1.057,0.445,937,12.05527775,12.30692587,17.16568,866.4777,1630,5.550933,10638,146,102.510569,24.246353,3.542755899
